ID,Job Zone,Occupation
1,4.0,Accountants and Auditors
2,2.0,Actors
3,4.0,Actuaries
4,5.0,Acupuncturists
5,4.0,Acute Care Nurses
6,5.0,Adapted Physical Education Specialists
7,2.0,Adhesive Bonding Machine Operators and Tenders
8,5.0,"Administrative Law Judges, Adjudicators, and Hearing Officers"
9,3.0,Administrative Services Managers
10,4.0,"Adult Basic Education, Adult Secondary Education, and English as a Second Language Instructors"
11,5.0,Advanced Practice Psychiatric Nurses
12,4.0,Advertising and Promotions Managers
13,4.0,Advertising Sales Agents
14,3.0,Aerospace Engineering and Operations Technologists and Technicians
15,4.0,Aerospace Engineers
16,4.0,"Agents and Business Managers of Artists, Performers, and Athletes"
17,4.0,Agricultural Engineers
18,1.0,Agricultural Equipment Operators
19,2.0,Agricultural Inspectors
20,5.0,"Agricultural Sciences Teachers, Postsecondary"
21,3.0,Agricultural Technicians
22,,"Agricultural Workers, All Other"
23,,Air Crew Members
24,,Air Crew Officers
25,3.0,Air Traffic Controllers
26,2.0,Aircraft Cargo Handling Supervisors
27,,Aircraft Launch and Recovery Officers
28,,Aircraft Launch and Recovery Specialists
29,3.0,Aircraft Mechanics and Service Technicians
30,2.0,Aircraft Service Attendants
31,2.0,"Aircraft Structure, Surfaces, Rigging, and Systems Assemblers"
32,3.0,Airfield Operations Specialists
33,4.0,"Airline Pilots, Copilots, and Flight Engineers"
34,5.0,Allergists and Immunologists
35,2.0,"Ambulance Drivers and Attendants, Except Emergency Medical Technicians"
36,1.0,Amusement and Recreation Attendants
37,5.0,Anesthesiologist Assistants
38,5.0,Anesthesiologists
39,2.0,Animal Breeders
40,2.0,Animal Caretakers
41,2.0,Animal Control Workers
42,5.0,Animal Scientists
43,2.0,Animal Trainers
44,5.0,Anthropologists and Archeologists
45,5.0,"Anthropology and Archeology Teachers, Postsecondary"
46,4.0,Appraisers and Assessors of Real Estate
47,4.0,Appraisers of Personal and Business Property
48,5.0,"Arbitrators, Mediators, and Conciliators"
49,5.0,"Architects, Except Landscape and Naval"
50,3.0,Architectural and Civil Drafters
51,5.0,Architectural and Engineering Managers
52,5.0,"Architecture Teachers, Postsecondary"
53,5.0,Archivists
54,5.0,"Area, Ethnic, and Cultural Studies Teachers, Postsecondary"
55,,Armored Assault Vehicle Crew Members
56,,Armored Assault Vehicle Officers
57,4.0,Art Directors
58,5.0,Art Therapists
59,5.0,"Art, Drama, and Music Teachers, Postsecondary"
60,,Artillery and Missile Crew Members
61,,Artillery and Missile Officers
62,,"Artists and Related Workers, All Other"
63,,"Assemblers and Fabricators, All Other"
64,5.0,Astronomers
65,2.0,Athletes and Sports Competitors
66,5.0,Athletic Trainers
67,4.0,Atmospheric and Space Scientists
68,5.0,"Atmospheric, Earth, Marine, and Space Sciences Teachers, Postsecondary"
69,3.0,Audio and Video Technicians
70,5.0,Audiologists
71,3.0,Audiovisual Equipment Installers and Repairers
72,2.0,Automotive and Watercraft Service Attendants
73,2.0,Automotive Body and Related Repairers
74,3.0,Automotive Engineering Technicians
75,4.0,Automotive Engineers
76,2.0,Automotive Glass Installers and Repairers
77,3.0,Automotive Service Technicians and Mechanics
78,3.0,Aviation Inspectors
79,3.0,Avionics Technicians
80,2.0,Baggage Porters and Bellhops
81,3.0,Bailiffs
82,2.0,Bakers
83,3.0,Barbers
84,1.0,Baristas
85,2.0,Bartenders
86,2.0,Bicycle Repairers
87,2.0,Bill and Account Collectors
88,3.0,Billing and Posting Clerks
89,5.0,Biochemists and Biophysicists
90,4.0,Bioengineers and Biomedical Engineers
91,2.0,Biofuels Processing Technicians
92,4.0,Biofuels Production Managers
93,4.0,Biofuels/Biodiesel Technology and Product Development Managers
94,5.0,Bioinformatics Scientists
95,4.0,Bioinformatics Technicians
96,5.0,"Biological Science Teachers, Postsecondary"
97,,"Biological Scientists, All Other"
98,4.0,Biological Technicians
99,5.0,Biologists
100,2.0,Biomass Plant Technicians
101,4.0,Biomass Power Plant Managers
102,5.0,Biostatisticians
103,4.0,Blockchain Engineers
104,2.0,Boilermakers
105,3.0,"Bookkeeping, Accounting, and Auditing Clerks"
106,2.0,Brickmasons and Blockmasons
107,2.0,Bridge and Lock Tenders
108,4.0,Broadcast Announcers and Radio Disc Jockeys
109,3.0,Broadcast Technicians
110,3.0,Brokerage Clerks
111,4.0,Brownfield Redevelopment Specialists and Site Managers
112,4.0,Budget Analysts
113,,"Building Cleaning Workers, All Other"
114,3.0,Bus and Truck Mechanics and Diesel Engine Specialists
115,2.0,"Bus Drivers, School"
116,2.0,"Bus Drivers, Transit and Intercity"
117,4.0,Business Continuity Planners
118,4.0,Business Intelligence Analysts
119,,"Business Operations Specialists, All Other"
120,5.0,"Business Teachers, Postsecondary"
121,2.0,Butchers and Meat Cutters
122,4.0,"Buyers and Purchasing Agents, Farm Products"
123,2.0,Cabinetmakers and Bench Carpenters
124,3.0,Calibration Technologists and Technicians
125,3.0,Camera and Photographic Equipment Repairers
126,3.0,"Camera Operators, Television, Video, and Film"
127,3.0,"Captains, Mates, and Pilots of Water Vessels"
128,5.0,Cardiologists
129,3.0,Cardiovascular Technologists and Technicians
130,4.0,"Career/Technical Education Teachers, Middle School"
131,3.0,"Career/Technical Education Teachers, Postsecondary"
132,4.0,"Career/Technical Education Teachers, Secondary School"
133,2.0,Cargo and Freight Agents
134,2.0,Carpenters
135,2.0,Carpet Installers
136,4.0,Cartographers and Photogrammetrists
137,2.0,Cashiers
138,1.0,Cement Masons and Concrete Finishers
139,3.0,Chefs and Head Cooks
140,4.0,Chemical Engineers
141,2.0,Chemical Equipment Operators and Tenders
142,2.0,Chemical Plant and System Operators
143,3.0,Chemical Technicians
144,5.0,"Chemistry Teachers, Postsecondary"
145,4.0,Chemists
146,5.0,Chief Executives
147,5.0,Chief Sustainability Officers
148,4.0,"Child, Family, and School Social Workers"
149,2.0,Childcare Workers
150,5.0,Chiropractors
151,3.0,Choreographers
152,3.0,Civil Engineering Technologists and Technicians
153,4.0,Civil Engineers
154,4.0,"Claims Adjusters, Examiners, and Investigators"
155,2.0,Cleaners of Vehicles and Equipment
156,2.0,"Cleaning, Washing, and Metal Pickling Equipment Operators and Tenders"
157,5.0,Clergy
158,5.0,Climate Change Policy Analysts
159,5.0,Clinical and Counseling Psychologists
160,4.0,Clinical Data Managers
161,5.0,Clinical Neuropsychologists
162,5.0,Clinical Nurse Specialists
163,4.0,Clinical Research Coordinators
164,4.0,Coaches and Scouts
165,2.0,"Coating, Painting, and Spraying Machine Setters, Operators, and Tenders"
166,2.0,"Coil Winders, Tapers, and Finishers"
167,2.0,"Coin, Vending, and Amusement Machine Servicers and Repairers"
168,,Command and Control Center Officers
169,,Command and Control Center Specialists
170,4.0,Commercial and Industrial Designers
171,3.0,Commercial Divers
172,3.0,Commercial Pilots
173,,"Communications Equipment Operators, All Other"
174,5.0,"Communications Teachers, Postsecondary"
175,,"Community and Social Service Specialists, All Other"
176,4.0,Community Health Workers
177,4.0,Compensation and Benefits Managers
178,4.0,"Compensation, Benefits, and Job Analysis Specialists"
179,4.0,Compliance Managers
180,4.0,Compliance Officers
181,5.0,Computer and Information Research Scientists
182,4.0,Computer and Information Systems Managers
183,4.0,Computer Hardware Engineers
184,4.0,Computer Network Architects
185,4.0,Computer Network Support Specialists
186,2.0,Computer Numerically Controlled Tool Operators
187,2.0,Computer Numerically Controlled Tool Programmers
188,,"Computer Occupations, All Other"
189,4.0,Computer Programmers
190,5.0,"Computer Science Teachers, Postsecondary"
191,3.0,Computer Systems Analysts
192,3.0,Computer Systems Engineers/Architects
193,3.0,Computer User Support Specialists
194,3.0,"Computer, Automated Teller, and Office Machine Repairers"
195,2.0,Concierges
196,4.0,Conservation Scientists
197,3.0,Construction and Building Inspectors
198,,"Construction and Related Workers, All Other"
199,2.0,Construction Laborers
200,4.0,Construction Managers
201,2.0,Continuous Mining Machine Operators
202,3.0,"Control and Valve Installers and Repairers, Except Mechanical Door"
203,1.0,Conveyor Operators and Tenders
204,,"Cooks, All Other"
205,1.0,"Cooks, Fast Food"
206,2.0,"Cooks, Institution and Cafeteria"
207,3.0,"Cooks, Private Household"
208,2.0,"Cooks, Restaurant"
209,2.0,"Cooks, Short Order"
210,2.0,Cooling and Freezing Equipment Operators and Tenders
211,3.0,Coroners
212,2.0,Correctional Officers and Jailers
213,2.0,Correspondence Clerks
214,4.0,Cost Estimators
215,2.0,Costume Attendants
216,,"Counselors, All Other"
217,2.0,Counter and Rental Clerks
218,2.0,Couriers and Messengers
219,3.0,Court Reporters and Simultaneous Captioners
220,2.0,"Court, Municipal, and License Clerks"
221,3.0,Craft Artists
222,3.0,Crane and Tower Operators
223,4.0,Credit Analysts
224,2.0,"Credit Authorizers, Checkers, and Clerks"
225,4.0,Credit Counselors
226,2.0,Crematory Operators
227,5.0,"Criminal Justice and Law Enforcement Teachers, Postsecondary"
228,4.0,Critical Care Nurses
229,2.0,Crossing Guards and Flaggers
230,2.0,"Crushing, Grinding, and Polishing Machine Setters, Operators, and Tenders"
231,5.0,Curators
232,2.0,Customer Service Representatives
233,3.0,Customs and Border Protection Officers
234,3.0,Customs Brokers
235,1.0,"Cutters and Trimmers, Hand"
236,2.0,"Cutting and Slicing Machine Setters, Operators, and Tenders"
237,2.0,"Cutting, Punching, and Press Machine Setters, Operators, and Tenders, Metal and Plastic"
238,4.0,Cytogenetic Technologists
239,5.0,Cytotechnologists
240,3.0,Dancers
241,2.0,Data Entry Keyers
242,4.0,Data Scientists
243,4.0,Data Warehousing Specialists
244,4.0,Database Administrators
245,4.0,Database Architects
246,2.0,Demonstrators and Product Promoters
247,3.0,Dental Assistants
248,3.0,Dental Hygienists
249,2.0,Dental Laboratory Technicians
250,,"Dentists, All Other Specialists"
251,5.0,"Dentists, General"
252,5.0,Dermatologists
253,1.0,"Derrick Operators, Oil and Gas"
254,,"Designers, All Other"
255,3.0,Desktop Publishers
256,3.0,Detectives and Criminal Investigators
257,3.0,Diagnostic Medical Sonographers
258,3.0,Dietetic Technicians
259,5.0,Dietitians and Nutritionists
260,4.0,Digital Forensics Analysts
261,1.0,Dining Room and Cafeteria Attendants and Bartender Helpers
262,4.0,"Directors, Religious Activities and Education"
263,2.0,"Disc Jockeys, Except Radio"
264,1.0,Dishwashers
265,2.0,"Dispatchers, Except Police, Fire, and Ambulance"
266,4.0,Document Management Specialists
267,1.0,"Door-to-Door Sales Workers, News and Street Vendors, and Related Workers"
268,,"Drafters, All Other"
269,2.0,Dredge Operators
270,2.0,"Drilling and Boring Machine Tool Setters, Operators, and Tenders, Metal and Plastic"
271,2.0,Driver/Sales Workers
272,2.0,Drywall and Ceiling Tile Installers
273,2.0,"Earth Drillers, Except Oil and Gas"
274,5.0,"Economics Teachers, Postsecondary"
275,5.0,Economists
276,4.0,Editors
277,,"Education Administrators, All Other"
278,5.0,"Education Administrators, Kindergarten through Secondary"
279,5.0,"Education Administrators, Postsecondary"
280,4.0,"Education and Childcare Administrators, Preschool and Daycare"
281,5.0,"Education Teachers, Postsecondary"
282,,"Educational Instruction and Library Workers, All Other"
283,5.0,"Educational, Guidance, and Career Counselors and Advisors"
284,3.0,"Electric Motor, Power Tool, and Related Repairers"
285,3.0,Electrical and Electronic Engineering Technologists and Technicians
286,2.0,Electrical and Electronic Equipment Assemblers
287,3.0,Electrical and Electronics Drafters
288,3.0,"Electrical and Electronics Installers and Repairers, Transportation Equipment"
289,3.0,"Electrical and Electronics Repairers, Commercial and Industrial Equipment"
290,3.0,"Electrical and Electronics Repairers, Powerhouse, Substation, and Relay"
291,4.0,Electrical Engineers
292,2.0,Electrical Power-Line Installers and Repairers
293,3.0,Electricians
294,3.0,Electro-Mechanical and Mechatronics Technologists and Technicians
295,2.0,Electromechanical Equipment Assemblers
296,3.0,"Electronic Equipment Installers and Repairers, Motor Vehicles"
297,4.0,"Electronics Engineers, Except Computer"
298,4.0,"Elementary School Teachers, Except Special Education"
299,3.0,Elevator and Escalator Installers and Repairers
300,3.0,"Eligibility Interviewers, Government Programs"
301,3.0,Embalmers
302,4.0,Emergency Management Directors
303,3.0,Emergency Medical Technicians
304,5.0,Emergency Medicine Physicians
305,2.0,Endoscopy Technicians
306,3.0,Energy Auditors
307,4.0,"Energy Engineers, Except Wind and Solar"
308,2.0,Engine and Other Machine Assemblers
309,5.0,"Engineering Teachers, Postsecondary"
310,,"Engineering Technologists and Technicians, Except Drafters, All Other"
311,,"Engineers, All Other"
312,5.0,"English Language and Literature Teachers, Postsecondary"
313,,"Entertainers and Performers, Sports and Related Workers, All Other"
314,4.0,"Entertainment and Recreation Managers, Except Gambling"
315,,"Entertainment Attendants and Related Workers, All Other"
316,4.0,Environmental Compliance Inspectors
317,5.0,Environmental Economists
318,4.0,Environmental Engineering Technologists and Technicians
319,4.0,Environmental Engineers
320,5.0,Environmental Restoration Planners
321,4.0,"Environmental Science and Protection Technicians, Including Health"
322,5.0,"Environmental Science Teachers, Postsecondary"
323,4.0,"Environmental Scientists and Specialists, Including Health"
324,5.0,Epidemiologists
325,4.0,Equal Opportunity Representatives and Officers
326,2.0,Etchers and Engravers
327,2.0,"Excavating and Loading Machine and Dragline Operators, Surface Mining"
328,3.0,Executive Secretaries and Executive Administrative Assistants
329,4.0,Exercise Physiologists
330,3.0,Exercise Trainers and Group Fitness Instructors
331,2.0,"Explosives Workers, Ordnance Handling Experts, and Blasters"
332,,"Extraction Workers, All Other"
333,2.0,"Extruding and Drawing Machine Setters, Operators, and Tenders, Metal and Plastic"
334,2.0,"Extruding and Forming Machine Setters, Operators, and Tenders, Synthetic and Glass Fibers"
335,2.0,"Extruding, Forming, Pressing, and Compacting Machine Setters, Operators, and Tenders"
336,3.0,Fabric and Apparel Patternmakers
337,3.0,Facilities Managers
338,1.0,Fallers
339,5.0,"Family and Consumer Sciences Teachers, Postsecondary"
340,5.0,Family Medicine Physicians
341,5.0,Farm and Home Management Educators
342,3.0,Farm Equipment Mechanics and Service Technicians
343,2.0,Farm Labor Contractors
344,4.0,"Farmers, Ranchers, and Other Agricultural Managers"
345,1.0,"Farmworkers and Laborers, Crop, Nursery, and Greenhouse"
346,2.0,"Farmworkers, Farm, Ranch, and Aquacultural Animals"
347,3.0,Fashion Designers
348,1.0,Fast Food and Counter Workers
349,2.0,Fence Erectors
350,2.0,Fiberglass Laminators and Fabricators
351,2.0,File Clerks
352,4.0,Film and Video Editors
353,4.0,Financial and Investment Analysts
354,,"Financial Clerks, All Other"
355,4.0,Financial Examiners
356,4.0,Financial Managers
357,5.0,Financial Quantitative Analysts
358,4.0,Financial Risk Specialists
359,,"Financial Specialists, All Other"
360,3.0,"Fine Artists, Including Painters, Sculptors, and Illustrators"
361,3.0,Fire Inspectors and Investigators
362,4.0,Fire-Prevention and Protection Engineers
363,3.0,Firefighters
364,,First-Line Supervisors of Air Crew Members
365,,First-Line Supervisors of All Other Tactical Operations Specialists
366,3.0,First-Line Supervisors of Construction Trades and Extraction Workers
367,3.0,First-Line Supervisors of Correctional Officers
368,2.0,"First-Line Supervisors of Entertainment and Recreation Workers, Except Gambling Services"
369,3.0,"First-Line Supervisors of Farming, Fishing, and Forestry Workers"
370,3.0,First-Line Supervisors of Firefighting and Prevention Workers
371,2.0,First-Line Supervisors of Food Preparation and Serving Workers
372,2.0,First-Line Supervisors of Gambling Services Workers
373,2.0,"First-Line Supervisors of Helpers, Laborers, and Material Movers, Hand"
374,2.0,First-Line Supervisors of Housekeeping and Janitorial Workers
375,3.0,"First-Line Supervisors of Landscaping, Lawn Service, and Groundskeeping Workers"
376,3.0,First-Line Supervisors of Material-Moving Machine and Vehicle Operators
377,3.0,"First-Line Supervisors of Mechanics, Installers, and Repairers"
378,4.0,First-Line Supervisors of Non-Retail Sales Workers
379,3.0,First-Line Supervisors of Office and Administrative Support Workers
380,3.0,First-Line Supervisors of Passenger Attendants
381,3.0,First-Line Supervisors of Personal Service Workers
382,2.0,First-Line Supervisors of Police and Detectives
383,3.0,First-Line Supervisors of Production and Operating Workers
384,,"First-Line Supervisors of Protective Service Workers, All Other"
385,2.0,First-Line Supervisors of Retail Sales Workers
386,2.0,First-Line Supervisors of Security Workers
387,,"First-Line Supervisors of Transportation Workers, All Other"
388,,First-Line Supervisors of Weapons Specialists/Crew Members
389,4.0,Fish and Game Wardens
390,1.0,Fishing and Hunting Workers
391,4.0,Fitness and Wellness Coordinators
392,2.0,Flight Attendants
393,2.0,"Floor Layers, Except Carpet, Wood, and Hard Tiles"
394,1.0,Floor Sanders and Finishers
395,2.0,Floral Designers
396,2.0,"Food and Tobacco Roasting, Baking, and Drying Machine Operators and Tenders"
397,2.0,Food Batchmakers
398,2.0,Food Cooking Machine Operators and Tenders
399,,"Food Preparation and Serving Related Workers, All Other"
400,2.0,Food Preparation Workers
401,,"Food Processing Workers, All Other"
402,3.0,Food Science Technicians
403,4.0,Food Scientists and Technologists
404,2.0,"Food Servers, Nonrestaurant"
405,2.0,Food Service Managers
406,5.0,"Foreign Language and Literature Teachers, Postsecondary"
407,3.0,Forensic Science Technicians
408,3.0,Forest and Conservation Technicians
409,2.0,Forest and Conservation Workers
410,3.0,Forest Fire Inspectors and Prevention Specialists
411,4.0,Foresters
412,5.0,"Forestry and Conservation Science Teachers, Postsecondary"
413,2.0,"Forging Machine Setters, Operators, and Tenders, Metal and Plastic"
414,2.0,Foundry Mold and Coremakers
415,4.0,"Fraud Examiners, Investigators and Analysts"
416,2.0,Freight Forwarders
417,4.0,Fuel Cell Engineers
418,4.0,Fundraisers
419,4.0,Fundraising Managers
420,2.0,Funeral Attendants
421,3.0,Funeral Home Managers
422,2.0,"Furnace, Kiln, Oven, Drier, and Kettle Operators and Tenders"
423,2.0,Furniture Finishers
424,2.0,Gambling and Sports Book Writers and Runners
425,2.0,Gambling Cage Workers
426,2.0,Gambling Change Persons and Booth Cashiers
427,2.0,Gambling Dealers
428,2.0,Gambling Managers
429,,"Gambling Service Workers, All Other"
430,2.0,Gambling Surveillance Officers and Gambling Investigators
431,2.0,Gas Compressor and Gas Pumping Station Operators
432,2.0,Gas Plant Operators
433,3.0,Gem and Diamond Workers
434,4.0,General and Operations Managers
435,5.0,General Internal Medicine Physicians
436,5.0,Genetic Counselors
437,5.0,Geneticists
438,4.0,Geodetic Surveyors
439,4.0,Geographers
440,3.0,Geographic Information Systems Technologists and Technicians
441,5.0,"Geography Teachers, Postsecondary"
442,4.0,"Geological Technicians, Except Hydrologic Technicians"
443,5.0,"Geoscientists, Except Hydrologists and Geographers"
444,3.0,Geothermal Production Managers
445,2.0,Geothermal Technicians
446,2.0,"Glass Blowers, Molders, Benders, and Finishers"
447,2.0,Glaziers
448,3.0,Government Property Inspectors and Investigators
449,1.0,"Graders and Sorters, Agricultural Products"
450,4.0,Graphic Designers
451,2.0,"Grinding and Polishing Workers, Hand"
452,2.0,"Grinding, Lapping, Polishing, and Buffing Machine Tool Setters, Operators, and Tenders, Metal and Plastic"
453,,"Grounds Maintenance Workers, All Other"
454,3.0,"Hairdressers, Hairstylists, and Cosmetologists"
455,3.0,Hazardous Materials Removal Workers
456,4.0,"Health and Safety Engineers, Except Mining Safety Engineers and Inspectors"
457,4.0,Health Education Specialists
458,5.0,Health Informatics Specialists
459,3.0,Health Information Technologists and Medical Registrars
460,5.0,"Health Specialties Teachers, Postsecondary"
461,,"Health Technologists and Technicians, All Other"
462,,"Healthcare Diagnosing or Treating Practitioners, All Other"
463,,"Healthcare Practitioners and Technical Workers, All Other"
464,5.0,Healthcare Social Workers
465,,"Healthcare Support Workers, All Other"
466,3.0,Hearing Aid Specialists
467,2.0,"Heat Treating Equipment Setters, Operators, and Tenders, Metal and Plastic"
468,3.0,"Heating, Air Conditioning, and Refrigeration Mechanics and Installers"
469,2.0,Heavy and Tractor-Trailer Truck Drivers
470,,"Helpers, Construction Trades, All Other"
471,2.0,"Helpers--Brickmasons, Blockmasons, Stonemasons, and Tile and Marble Setters"
472,2.0,Helpers--Carpenters
473,2.0,Helpers--Electricians
474,2.0,Helpers--Extraction Workers
475,2.0,"Helpers--Installation, Maintenance, and Repair Workers"
476,1.0,"Helpers--Painters, Paperhangers, Plasterers, and Stucco Masons"
477,2.0,"Helpers--Pipelayers, Plumbers, Pipefitters, and Steamfitters"
478,2.0,Helpers--Production Workers
479,2.0,Helpers--Roofers
480,2.0,Highway Maintenance Workers
481,3.0,Histology Technicians
482,5.0,Historians
483,5.0,"History Teachers, Postsecondary"
484,4.0,Histotechnologists
485,2.0,Hoist and Winch Operators
486,2.0,Home Appliance Repairers
487,2.0,Home Health Aides
488,5.0,Hospitalists
489,1.0,"Hosts and Hostesses, Restaurant, Lounge, and Coffee Shop"
490,2.0,"Hotel, Motel, and Resort Desk Clerks"
491,5.0,Human Factors Engineers and Ergonomists
492,3.0,"Human Resources Assistants, Except Payroll and Timekeeping"
493,4.0,Human Resources Managers
494,4.0,Human Resources Specialists
495,3.0,Hydroelectric Plant Technicians
496,3.0,Hydroelectric Production Managers
497,3.0,Hydrologic Technicians
498,5.0,Hydrologists
499,5.0,Industrial Ecologists
500,3.0,Industrial Engineering Technologists and Technicians
501,4.0,Industrial Engineers
502,3.0,Industrial Machinery Mechanics
503,4.0,Industrial Production Managers
504,2.0,Industrial Truck and Tractor Operators
505,5.0,Industrial-Organizational Psychologists
506,,Infantry
507,,Infantry Officers
508,,"Information and Record Clerks, All Other"
509,4.0,Information Security Analysts
510,4.0,Information Security Engineers
511,4.0,Information Technology Project Managers
512,2.0,"Inspectors, Testers, Sorters, Samplers, and Weighers"
513,,"Installation, Maintenance, and Repair Workers, All Other"
514,5.0,Instructional Coordinators
515,2.0,"Insulation Workers, Floor, Ceiling, and Wall"
516,2.0,"Insulation Workers, Mechanical"
517,3.0,"Insurance Appraisers, Auto Damage"
518,2.0,Insurance Claims and Policy Processing Clerks
519,4.0,Insurance Sales Agents
520,4.0,Insurance Underwriters
521,4.0,Intelligence Analysts
522,4.0,Interior Designers
523,4.0,Interpreters and Translators
524,3.0,"Interviewers, Except Eligibility and Loan"
525,5.0,Investment Fund Managers
526,3.0,"Janitors and Cleaners, Except Maids and Housekeeping Cleaners"
527,3.0,Jewelers and Precious Stone and Metal Workers
528,5.0,"Judges, Magistrate Judges, and Magistrates"
529,5.0,Judicial Law Clerks
530,4.0,"Kindergarten Teachers, Except Special Education"
531,4.0,Labor Relations Specialists
532,2.0,"Laborers and Freight, Stock, and Material Movers, Hand"
533,4.0,Landscape Architects
534,1.0,Landscaping and Groundskeeping Workers
535,2.0,"Lathe and Turning Machine Tool Setters, Operators, and Tenders, Metal and Plastic"
536,1.0,Laundry and Dry-Cleaning Workers
537,5.0,"Law Teachers, Postsecondary"
538,5.0,Lawyers
539,2.0,"Layout Workers, Metal and Plastic"
540,3.0,Legal Secretaries and Administrative Assistants
541,,"Legal Support Workers, All Other"
542,4.0,Legislators
543,5.0,Librarians and Media Collections Specialists
544,2.0,"Library Assistants, Clerical"
545,5.0,"Library Science Teachers, Postsecondary"
546,3.0,Library Technicians
547,3.0,Licensed Practical and Licensed Vocational Nurses
548,,"Life Scientists, All Other"
549,,"Life, Physical, and Social Science Technicians, All Other"
550,2.0,"Lifeguards, Ski Patrol, and Other Recreational Protective Service Workers"
551,2.0,Light Truck Drivers
552,3.0,Lighting Technicians
553,2.0,"Loading and Moving Machine Operators, Underground Mining"
554,3.0,Loan Interviewers and Clerks
555,4.0,Loan Officers
556,2.0,"Locker Room, Coatroom, and Dressing Room Attendants"
557,2.0,Locksmiths and Safe Repairers
558,2.0,Locomotive Engineers
559,4.0,Lodging Managers
560,2.0,Log Graders and Scalers
561,1.0,Logging Equipment Operators
562,,"Logging Workers, All Other"
563,4.0,Logisticians
564,4.0,Logistics Analysts
565,4.0,Logistics Engineers
566,4.0,Loss Prevention Managers
567,5.0,"Low Vision Therapists, Orientation and Mobility Specialists, and Vision Rehabilitation Therapists"
568,2.0,Machine Feeders and Offbearers
569,3.0,Machinists
570,3.0,Magnetic Resonance Imaging Technologists
571,1.0,Maids and Housekeeping Cleaners
572,2.0,"Mail Clerks and Mail Machine Operators, Except Postal Service"
573,3.0,"Maintenance and Repair Workers, General"
574,3.0,"Maintenance Workers, Machinery"
575,3.0,"Makeup Artists, Theatrical and Performance"
576,4.0,Management Analysts
577,,"Managers, All Other"
578,2.0,Manicurists and Pedicurists
579,2.0,Manufactured Building and Mobile Home Installers
580,4.0,Manufacturing Engineers
581,4.0,Marine Engineers and Naval Architects
582,4.0,Market Research Analysts and Marketing Specialists
583,4.0,Marketing Managers
584,5.0,Marriage and Family Therapists
585,3.0,Massage Therapists
586,,"Material Moving Workers, All Other"
587,4.0,Materials Engineers
588,4.0,Materials Scientists
589,,"Mathematical Science Occupations, All Other"
590,5.0,"Mathematical Science Teachers, Postsecondary"
591,5.0,Mathematicians
592,1.0,"Meat, Poultry, and Fish Cutters and Trimmers"
593,2.0,Mechanical Door Repairers
594,3.0,Mechanical Drafters
595,3.0,Mechanical Engineering Technologists and Technicians
596,4.0,Mechanical Engineers
597,4.0,Mechatronics Engineers
598,,"Media and Communication Equipment Workers, All Other"
599,,"Media and Communication Workers, All Other"
600,4.0,Media Programming Directors
601,4.0,Media Technical Directors/Managers
602,3.0,Medical and Clinical Laboratory Technicians
603,4.0,Medical and Clinical Laboratory Technologists
604,4.0,Medical and Health Services Managers
605,3.0,Medical Appliance Technicians
606,3.0,Medical Assistants
607,4.0,Medical Dosimetrists
608,2.0,Medical Equipment Preparers
609,3.0,Medical Equipment Repairers
610,3.0,Medical Records Specialists
611,5.0,"Medical Scientists, Except Epidemiologists"
612,2.0,Medical Secretaries and Administrative Assistants
613,3.0,Medical Transcriptionists
614,4.0,"Meeting, Convention, and Event Planners"
615,5.0,Mental Health and Substance Abuse Social Workers
616,5.0,Mental Health Counselors
617,3.0,Merchandise Displayers and Window Trimmers
618,,"Metal Workers and Plastic Workers, All Other"
619,2.0,Metal-Refining Furnace Operators and Tenders
620,2.0,"Meter Readers, Utilities"
621,4.0,Microbiologists
622,5.0,Microsystems Engineers
623,4.0,"Middle School Teachers, Except Special and Career/Technical Education"
624,5.0,Midwives
625,,"Military Enlisted Tactical Operations and Air/Weapons Specialists and Crew Members, All Other"
626,,"Military Officer Special and Tactical Operations Leaders, All Other"
627,2.0,"Milling and Planing Machine Setters, Operators, and Tenders, Metal and Plastic"
628,2.0,Millwrights
629,4.0,"Mining and Geological Engineers, Including Mining Safety Engineers"
630,2.0,"Mixing and Blending Machine Setters, Operators, and Tenders"
631,3.0,"Mobile Heavy Equipment Mechanics, Except Engines"
632,3.0,"Model Makers, Metal and Plastic"
633,3.0,"Model Makers, Wood"
634,2.0,Models
635,2.0,"Molders, Shapers, and Casters, Except Metal and Plastic"
636,2.0,"Molding, Coremaking, and Casting Machine Setters, Operators, and Tenders, Metal and Plastic"
637,5.0,Molecular and Cellular Biologists
638,3.0,"Morticians, Undertakers, and Funeral Arrangers"
639,2.0,Motion Picture Projectionists
640,,"Motor Vehicle Operators, All Other"
641,3.0,Motorboat Mechanics and Service Technicians
642,2.0,Motorboat Operators
643,3.0,Motorcycle Mechanics
644,2.0,"Multiple Machine Tool Setters, Operators, and Tenders, Metal and Plastic"
645,4.0,Museum Technicians and Conservators
646,4.0,Music Directors and Composers
647,4.0,Music Therapists
648,3.0,Musical Instrument Repairers and Tuners
649,4.0,Musicians and Singers
650,2.0,Nannies
651,5.0,Nanosystems Engineers
652,4.0,Nanotechnology Engineering Technologists and Technicians
653,5.0,Natural Sciences Managers
654,5.0,Naturopathic Physicians
655,4.0,Network and Computer Systems Administrators
656,3.0,Neurodiagnostic Technologists
657,5.0,Neurologists
658,5.0,Neuropsychologists
659,3.0,New Accounts Clerks
660,4.0,"News Analysts, Reporters, and Journalists"
661,2.0,Non-Destructive Testing Specialists
662,4.0,Nuclear Engineers
663,3.0,Nuclear Medicine Technologists
664,3.0,Nuclear Monitoring Technicians
665,3.0,Nuclear Power Reactor Operators
666,3.0,Nuclear Technicians
667,5.0,Nurse Anesthetists
668,5.0,Nurse Midwives
669,5.0,Nurse Practitioners
670,3.0,Nursing Assistants
671,5.0,"Nursing Instructors and Teachers, Postsecondary"
672,5.0,Obstetricians and Gynecologists
673,4.0,Occupational Health and Safety Specialists
674,3.0,Occupational Health and Safety Technicians
675,5.0,Occupational Therapists
676,3.0,Occupational Therapy Aides
677,3.0,Occupational Therapy Assistants
678,,"Office and Administrative Support Workers, All Other"
679,2.0,"Office Clerks, General"
680,2.0,"Office Machine Operators, Except Computer"
681,4.0,Online Merchants
682,2.0,Operating Engineers and Other Construction Equipment Operators
683,5.0,Operations Research Analysts
684,2.0,Ophthalmic Laboratory Technicians
685,3.0,Ophthalmic Medical Technicians
686,3.0,Ophthalmic Medical Technologists
687,5.0,"Ophthalmologists, Except Pediatric"
688,3.0,"Opticians, Dispensing"
689,5.0,Optometrists
690,5.0,Oral and Maxillofacial Surgeons
691,2.0,Order Clerks
692,2.0,Orderlies
693,5.0,Orthodontists
694,5.0,"Orthopedic Surgeons, Except Pediatric"
695,5.0,Orthoptists
696,5.0,Orthotists and Prosthetists
697,2.0,Outdoor Power Equipment and Other Small Engine Mechanics
698,2.0,Packaging and Filling Machine Operators and Tenders
699,2.0,"Packers and Packagers, Hand"
700,2.0,"Painters, Construction and Maintenance"
701,1.0,"Painting, Coating, and Decorating Workers"
702,2.0,"Paper Goods Machine Setters, Operators, and Tenders"
703,2.0,Paperhangers
704,3.0,Paralegals and Legal Assistants
705,3.0,Paramedics
706,4.0,Park Naturalists
707,2.0,Parking Attendants
708,2.0,Parking Enforcement Workers
709,2.0,Parts Salespersons
710,2.0,Passenger Attendants
711,3.0,Patient Representatives
712,3.0,"Patternmakers, Metal and Plastic"
713,3.0,"Patternmakers, Wood"
714,2.0,"Paving, Surfacing, and Tamping Equipment Operators"
715,3.0,Payroll and Timekeeping Clerks
716,5.0,Pediatric Surgeons
717,5.0,"Pediatricians, General"
718,4.0,Penetration Testers
719,2.0,Personal Care Aides
720,,"Personal Care and Service Workers, All Other"
721,4.0,Personal Financial Advisors
722,,"Personal Service Managers, All Other"
723,2.0,Pest Control Workers
724,2.0,"Pesticide Handlers, Sprayers, and Applicators, Vegetation"
725,4.0,Petroleum Engineers
726,2.0,"Petroleum Pump System Operators, Refinery Operators, and Gaugers"
727,5.0,Pharmacists
728,2.0,Pharmacy Aides
729,3.0,Pharmacy Technicians
730,5.0,"Philosophy and Religion Teachers, Postsecondary"
731,3.0,Phlebotomists
732,3.0,Photographers
733,2.0,Photographic Process Workers and Processing Machine Operators
734,4.0,Photonics Engineers
735,3.0,Photonics Technicians
736,5.0,Physical Medicine and Rehabilitation Physicians
737,,"Physical Scientists, All Other"
738,2.0,Physical Therapist Aides
739,3.0,Physical Therapist Assistants
740,5.0,Physical Therapists
741,5.0,Physician Assistants
742,,"Physicians, All Other"
743,5.0,"Physicians, Pathologists"
744,5.0,Physicists
745,5.0,"Physics Teachers, Postsecondary"
746,2.0,Pile Driver Operators
747,1.0,Pipelayers
748,,"Plant and System Operators, All Other"
749,1.0,Plasterers and Stucco Masons
750,2.0,"Plating Machine Setters, Operators, and Tenders, Metal and Plastic"
751,3.0,"Plumbers, Pipefitters, and Steamfitters"
752,5.0,Podiatrists
753,4.0,"Poets, Lyricists and Creative Writers"
754,3.0,Police and Sheriff's Patrol Officers
755,3.0,Police Identification and Records Officers
756,5.0,"Political Science Teachers, Postsecondary"
757,5.0,Political Scientists
758,2.0,Postal Service Clerks
759,2.0,Postal Service Mail Carriers
760,2.0,"Postal Service Mail Sorters, Processors, and Processing Machine Operators"
761,2.0,Postmasters and Mail Superintendents
762,,"Postsecondary Teachers, All Other"
763,3.0,"Potters, Manufacturing"
764,2.0,"Pourers and Casters, Metal"
765,3.0,Power Distributors and Dispatchers
766,2.0,Power Plant Operators
767,3.0,Precision Agriculture Technicians
768,,"Precision Instrument and Equipment Repairers, All Other"
769,3.0,Prepress Technicians and Workers
770,3.0,"Preschool Teachers, Except Special Education"
771,1.0,"Pressers, Textile, Garment, and Related Materials"
772,5.0,Preventive Medicine Physicians
773,2.0,Print Binding and Finishing Workers
774,2.0,Printing Press Operators
775,3.0,Private Detectives and Investigators
776,4.0,Probation Officers and Correctional Treatment Specialists
777,2.0,Procurement Clerks
778,4.0,Producers and Directors
779,,"Production Workers, All Other"
780,2.0,"Production, Planning, and Expediting Clerks"
781,4.0,Project Management Specialists
782,4.0,Proofreaders and Copy Markers
783,4.0,"Property, Real Estate, and Community Association Managers"
784,5.0,Prosthodontists
785,,"Protective Service Workers, All Other"
786,2.0,Psychiatric Aides
787,3.0,Psychiatric Technicians
788,5.0,Psychiatrists
789,,"Psychologists, All Other"
790,5.0,"Psychology Teachers, Postsecondary"
791,4.0,Public Relations Managers
792,4.0,Public Relations Specialists
793,2.0,Public Safety Telecommunicators
794,2.0,"Pump Operators, Except Wellhead Pumpers"
795,4.0,"Purchasing Agents, Except Wholesale, Retail, and Farm Products"
796,4.0,Purchasing Managers
797,3.0,Quality Control Analysts
798,4.0,Quality Control Systems Managers
799,3.0,Radiation Therapists
800,4.0,Radio Frequency Identification Device Specialists
801,3.0,"Radio, Cellular, and Tower Equipment Installers and Repairers"
802,3.0,Radiologic Technologists and Technicians
803,5.0,Radiologists
804,2.0,Rail Car Repairers
805,,"Rail Transportation Workers, All Other"
806,2.0,"Rail Yard Engineers, Dinkey Operators, and Hostlers"
807,2.0,Rail-Track Laying and Maintenance Equipment Operators
808,2.0,"Railroad Brake, Signal, and Switch Operators and Locomotive Firers"
809,2.0,Railroad Conductors and Yardmasters
810,4.0,Range Managers
811,4.0,Real Estate Brokers
812,3.0,Real Estate Sales Agents
813,2.0,Receptionists and Information Clerks
814,5.0,"Recreation and Fitness Studies Teachers, Postsecondary"
815,4.0,Recreation Workers
816,4.0,Recreational Therapists
817,2.0,Recreational Vehicle Service Technicians
818,2.0,Recycling and Reclamation Workers
819,2.0,Recycling Coordinators
820,2.0,"Refractory Materials Repairers, Except Brickmasons"
821,2.0,Refuse and Recyclable Material Collectors
822,4.0,Registered Nurses
823,4.0,Regulatory Affairs Managers
824,4.0,Regulatory Affairs Specialists
825,4.0,Rehabilitation Counselors
826,2.0,Reinforcing Iron and Rebar Workers
827,,"Religious Workers, All Other"
828,4.0,Remote Sensing Scientists and Technologists
829,4.0,Remote Sensing Technicians
830,2.0,Reservation and Transportation Ticket Agents and Travel Clerks
831,3.0,Residential Advisors
832,3.0,Respiratory Therapists
833,2.0,Retail Loss Prevention Specialists
834,2.0,Retail Salespersons
835,2.0,Riggers
836,4.0,Robotics Engineers
837,3.0,Robotics Technicians
838,1.0,"Rock Splitters, Quarry"
839,2.0,"Rolling Machine Setters, Operators, and Tenders, Metal and Plastic"
840,2.0,"Roof Bolters, Mining"
841,2.0,Roofers
842,2.0,"Rotary Drill Operators, Oil and Gas"
843,1.0,"Roustabouts, Oil and Gas"
844,2.0,Sailors and Marine Oilers
845,,"Sales and Related Workers, All Other"
846,4.0,Sales Engineers
847,4.0,Sales Managers
848,2.0,"Sales Representatives of Services, Except Advertising, Insurance, Financial Services, and Travel"
849,4.0,"Sales Representatives, Wholesale and Manufacturing, Except Technical and Scientific Products"
850,4.0,"Sales Representatives, Wholesale and Manufacturing, Technical and Scientific Products"
851,2.0,"Sawing Machine Setters, Operators, and Tenders, Wood"
852,2.0,School Bus Monitors
853,5.0,School Psychologists
854,4.0,Search Marketing Strategists
855,4.0,"Secondary School Teachers, Except Special and Career/Technical Education"
856,2.0,"Secretaries and Administrative Assistants, Except Legal, Medical, and Executive"
857,4.0,"Securities, Commodities, and Financial Services Sales Agents"
858,3.0,Security and Fire Alarm Systems Installers
859,2.0,Security Guards
860,4.0,Security Management Specialists
861,4.0,Security Managers
862,2.0,Segmental Pavers
863,3.0,Self-Enrichment Teachers
864,2.0,Semiconductor Processing Technicians
865,2.0,"Separating, Filtering, Clarifying, Precipitating, and Still Machine Setters, Operators, and Tenders"
866,1.0,Septic Tank Servicers and Sewer Pipe Cleaners
867,2.0,"Service Unit Operators, Oil and Gas"
868,5.0,Set and Exhibit Designers
869,1.0,"Sewers, Hand"
870,1.0,Sewing Machine Operators
871,2.0,Shampooers
872,2.0,Sheet Metal Workers
873,3.0,Ship Engineers
874,2.0,"Shipping, Receiving, and Inventory Clerks"
875,2.0,Shoe and Leather Workers and Repairers
876,2.0,Shoe Machine Operators and Tenders
877,2.0,Shuttle Drivers and Chauffeurs
878,3.0,Signal and Track Switch Repairers
879,3.0,Skincare Specialists
880,2.0,Slaughterers and Meat Packers
881,4.0,Social and Community Service Managers
882,4.0,Social and Human Service Assistants
883,4.0,Social Science Research Assistants
884,,"Social Sciences Teachers, Postsecondary, All Other"
885,,"Social Scientists and Related Workers, All Other"
886,5.0,"Social Work Teachers, Postsecondary"
887,,"Social Workers, All Other"
888,5.0,Sociologists
889,5.0,"Sociology Teachers, Postsecondary"
890,4.0,Software Developers
891,4.0,Software Quality Assurance Analysts and Testers
892,5.0,Soil and Plant Scientists
893,3.0,Solar Energy Installation Managers
894,4.0,Solar Energy Systems Engineers
895,2.0,Solar Photovoltaic Installers
896,3.0,Solar Sales Representatives and Assessors
897,3.0,Solar Thermal Installers and Technicians
898,3.0,Sound Engineering Technicians
899,3.0,Spa Managers
900,,"Special Education Teachers, All Other"
901,4.0,"Special Education Teachers, Elementary School"
902,4.0,"Special Education Teachers, Kindergarten"
903,4.0,"Special Education Teachers, Middle School"
904,5.0,"Special Education Teachers, Preschool"
905,4.0,"Special Education Teachers, Secondary School"
906,4.0,Special Effects Artists and Animators
907,,Special Forces
908,,Special Forces Officers
909,5.0,Speech-Language Pathologists
910,3.0,Speech-Language Pathology Assistants
911,5.0,Sports Medicine Physicians
912,3.0,Stationary Engineers and Boiler Operators
913,4.0,Statistical Assistants
914,5.0,Statisticians
915,2.0,Stockers and Order Fillers
916,2.0,"Stone Cutters and Carvers, Manufacturing"
917,2.0,Stonemasons
918,2.0,Structural Iron and Steel Workers
919,2.0,Structural Metal Fabricators and Fitters
920,5.0,Substance Abuse and Behavioral Disorder Counselors
921,4.0,"Substitute Teachers, Short-Term"
922,2.0,Subway and Streetcar Operators
923,4.0,Supply Chain Managers
924,,"Surgeons, All Other"
925,3.0,Surgical Assistants
926,3.0,Surgical Technologists
927,5.0,Survey Researchers
928,3.0,Surveying and Mapping Technicians
929,4.0,Surveyors
930,4.0,Sustainability Specialists
931,2.0,"Switchboard Operators, Including Answering Service"
932,2.0,"Tailors, Dressmakers, and Custom Sewers"
933,4.0,Talent Directors
934,2.0,"Tank Car, Truck, and Ship Loaders"
935,2.0,Tapers
936,3.0,"Tax Examiners and Collectors, and Revenue Agents"
937,3.0,Tax Preparers
938,2.0,Taxi Drivers
939,,"Teachers and Instructors, All Other"
940,,"Teaching Assistants, All Other"
941,5.0,"Teaching Assistants, Postsecondary"
942,3.0,"Teaching Assistants, Preschool, Elementary, Middle, and Secondary School, Except Special Education"
943,3.0,"Teaching Assistants, Special Education"
944,2.0,Team Assemblers
945,4.0,Technical Writers
946,3.0,Telecommunications Engineering Specialists
947,3.0,"Telecommunications Equipment Installers and Repairers, Except Line Installers"
948,2.0,Telecommunications Line Installers and Repairers
949,2.0,Telemarketers
950,2.0,Telephone Operators
951,2.0,Tellers
952,2.0,Terrazzo Workers and Finishers
953,2.0,Textile Bleaching and Dyeing Machine Operators and Tenders
954,2.0,"Textile Cutting Machine Setters, Operators, and Tenders"
955,2.0,"Textile Knitting and Weaving Machine Setters, Operators, and Tenders"
956,2.0,"Textile Winding, Twisting, and Drawing Out Machine Setters, Operators, and Tenders"
957,,"Textile, Apparel, and Furnishings Workers, All Other"
958,,"Therapists, All Other"
959,2.0,Tile and Stone Setters
960,2.0,Timing Device Assemblers and Adjusters
961,2.0,Tire Builders
962,2.0,Tire Repairers and Changers
963,2.0,"Title Examiners, Abstractors, and Searchers"
964,3.0,Tool and Die Makers
965,2.0,"Tool Grinders, Filers, and Sharpeners"
966,3.0,Tour Guides and Escorts
967,3.0,Traffic Technicians
968,4.0,Training and Development Managers
969,4.0,Training and Development Specialists
970,3.0,Transit and Railroad Police
971,4.0,Transportation Engineers
972,4.0,Transportation Inspectors
973,4.0,Transportation Planners
974,2.0,Transportation Security Screeners
975,2.0,"Transportation Vehicle, Equipment and Systems Inspectors, Except Aviation"
976,,"Transportation Workers, All Other"
977,4.0,"Transportation, Storage, and Distribution Managers"
978,3.0,Travel Agents
979,2.0,Travel Guides
980,4.0,Treasurers and Controllers
981,2.0,Tree Trimmers and Pruners
982,3.0,Tutors
983,2.0,"Umpires, Referees, and Other Sports Officials"
984,,"Underground Mining Machine Operators, All Other"
985,2.0,Upholsterers
986,5.0,Urban and Regional Planners
987,5.0,Urologists
988,2.0,"Ushers, Lobby Attendants, and Ticket Takers"
989,4.0,Validation Engineers
990,5.0,Veterinarians
991,2.0,Veterinary Assistants and Laboratory Animal Caretakers
992,3.0,Veterinary Technologists and Technicians
993,4.0,Video Game Designers
994,2.0,Waiters and Waitresses
995,3.0,Watch and Clock Repairers
996,2.0,Water and Wastewater Treatment Plant and System Operators
997,4.0,Water Resource Specialists
998,4.0,Water/Wastewater Engineers
999,2.0,Weatherization Installers and Technicians
1000,4.0,Web Administrators
1001,4.0,Web and Digital Interface Designers
1002,3.0,Web Developers
1003,2.0,"Weighers, Measurers, Checkers, and Samplers, Recordkeeping"
1004,2.0,"Welders, Cutters, Solderers, and Brazers"
1005,2.0,"Welding, Soldering, and Brazing Machine Setters, Operators, and Tenders"
1006,2.0,Wellhead Pumpers
1007,3.0,"Wholesale and Retail Buyers, Except Farm Products"
1008,4.0,Wind Energy Development Managers
1009,4.0,Wind Energy Engineers
1010,3.0,Wind Energy Operations Managers
1011,3.0,Wind Turbine Service Technicians
1012,,"Woodworkers, All Other"
1013,2.0,"Woodworking Machine Setters, Operators, and Tenders, Except Sawing"
1014,2.0,Word Processors and Typists
1015,4.0,Writers and Authors
1016,4.0,Zoologists and Wildlife Biologists
